name,pin
Roland Casey,5317
Aston Turner,4597
Tony Nelson,1758
Harold Richards,1821
Victor Cole,1877
William Ross,4414
Frederick Russell,7342
Cherry Richards,5771
Deanna Harper,5664
Alan Walker,7081
Edith Jones,5905
Daisy Cooper,7433
April Anderson,7378
Sofia Warren,1302
Jacob Stevens,2775
Samantha Stewart,9093
Wilson Gibson,8316
Lenny Parker,4871
Rubie Russell,5034
Samantha Cameron,8889
Chester Jones,7125
Eddy Sullivan,8027
Henry Thomas,9414
Charlotte Tucker,7836
Lydia Crawford,9220
Melanie Baker,9766
Ted Crawford,6982
Nicole Walker,3664
Honey Jones,7897
Abigail Lloyd,2590
Alexia Wells,8096
Kelvin Thomas,8210
Byron Wilson,5305
Deanna Allen,5620
Jessica Allen,8887
Nicole Stevens,5599
Luke Turner,4617
Ryan Phillips,8095
Alfred Phillips,3899
Anna Douglas,7433
Lilianna Spencer,9690
Violet Moore,9157
Alfred Watson,7795
Rubie Allen,6799
Lyndon Richards,5701
Dainton Gibson,6446
Daniel Murray,6747
Charlotte Montgomery,1286
Edward Thomas,4933
Violet Lloyd,1360
Natalie Higgins,7981
Sienna Jones,5213
Annabella Thomas,8519
Lydia Barrett,7482
Connie Lloyd,8587
Cadie Wells,6388
Adrian Mitchell,7419
Maria Sullivan,7272
Kimberly Edwards,3173
Kristian Richards,1717
Miranda Andrews,7888
Wilson Grant,4732
Alen Ferguson,4387
Connie Thomas,4354
Freddie Grant,2578
Daisy Owens,2856
Frederick Gibson,7667
Kelsey Elliott,7468
Michelle Russell,4673
Rosie Douglas,4949
Melanie Anderson,6053
Lily Armstrong,6653
Adam Dixon,3390
Lily Nelson,7778
Lucas Murray,7430
Max Nelson,1056
Andrew Allen,6242
Lenny Richards,6186
Albert Ellis,9801
Michael Scott,3794
Aldus Spencer,3468
Tyler Williams,7240
Emma Brooks,3806
Tyler Roberts,7487
Roland Cole,3981
Nicholas Mitchell,9651
Roland Turner,1690
Justin Cunningham,4913
Jack Rogers,7204
Adam Robinson,3929
Camila Fowler,3095
Sawyer Crawford,2620
Honey Dixon,2362
Alberta Andrews,1752
Heather Rogers,2583
Carlos Hall,5070
Victor Casey,9057
Rafael Russell,7978
Sawyer Phillips,1752
Stella Howard,8276
Carlos Ryan,1015
Arnold Carter,4783
Dexter Fowler,3663
Sarah Robinson,1270
Kevin Henderson,2986
Adison Martin,8563
Jenna Richards,4144
Brooke Kelley,6503
Adelaide Mason,4179
Lyndon Owens,2838
Emma Moore,9056
Derek Wilson,9626
Aiden Rogers,9228
Jacob Parker,2746
Brianna Higgins,4435
Maria Andrews,5808
Tiana Chapman,2442
Tess Fowler,5690
Clark Hill,9001
Charlotte Allen,9168
Caroline Wells,4188
Andrew Morgan,8916
Chester Turner,4321
Adam Farrell,8879
Maria Myers,4850
Gianna Spencer,9345
Derek Barrett,3898
Ashton Brooks,8805
Arthur Williams,1416
Chloe Wright,4343
Kelsey Hunt,4092
Adam Russell,1673
Bruce Reed,5307
Kimberly Myers,4110
Heather Tucker,8224
Eleanor Reed,8515
Michael Smith,5333
Savana Brown,5047
Annabella Morgan,2297
Justin Williams,9938
Lenny Harrison,6953
Sabrina Morgan,5377
Frederick Morgan,9788
Elian Smith,5179
Jared Robinson,3385
Sabrina Cameron,4437
Kate Craig,9893
Tara Parker,2804
Luke Craig,3449
Gianna Roberts,4361
Chloe Henderson,9773
Owen Parker,5150
Kevin Mitchell,5428
Maya Elliott,6402
Justin Alexander,1341
Vincent Brown,5649
Honey Andrews,8029
Richard Hawkins,8250
James Thomas,5022
Tara Cunningham,1673
Belinda Warren,1919
Ashton Richards,7896
Dexter Hawkins,9855
Maddie Stevens,4770
James Cooper,7273
April Baker,9445
Olivia Kelley,2613
Justin Foster,5231
Maddie Miller,4784
John Thomas,3418
Julian Grant,1863
Lucia Evans,7683
Sofia Foster,5004
Brooke Ryan,1287
Jack Chapman,8010
Dainton Dixon,8218
Daryl Ellis,9620
Charlie Stewart,3302
Miley Johnson,3626
Amanda Ferguson,5003
Connie Miller,8348
Tyler Wright,3462
Eric Hamilton,9351
Daisy Casey,5577
Luke Adams,8936
Jasmine Watson,1803
Catherine Lloyd,1018
Vanessa Mason,7282
Olivia Brown,2219
Olivia Owens,1352
Bruce Hawkins,3751
Eric Armstrong,1008
Jenna Jones,3711
Wilson Carroll,6393
Ned Kelly,7327
Olivia Thomas,9165
Reid Elliott,8350
Carlos Bailey,7506
Bruce Riley,4653
Caroline Wilson,5087
